,videoid,publishedAt,thumbnail_url,hashtags,viewCount,commentCount
0,M0SSObmVDN8,2022-11-02T18:54:06Z,https://i.ytimg.com/vi/M0SSObmVDN8/hqdefault.jpg,{'#Pokisindian'},16715,71
1,XiIIi4GRKzY,2022-10-27T18:55:40Z,https://i.ytimg.com/vi/XiIIi4GRKzY/hqdefault.jpg,{'#NehruCompromisedindia'},18800,136
2,3-GIuGrRQxE,2022-10-19T17:32:40Z,https://i.ytimg.com/vi/3-GIuGrRQxE/hqdefault.jpg,{'#PakBoycottBluff'},79761,427
3,mopQI-YoENs,2022-10-10T18:15:03Z,https://i.ytimg.com/vi/mopQI-YoENs/hqdefault.jpg,{'#NeechPolitics'},6139,35
4,dCKqbtEzK8M,2022-09-06T18:45:01Z,https://i.ytimg.com/vi/dCKqbtEzK8M/hqdefault.jpg,{'#ModiVsWho'},21822,91
5,XeRY-sA-4d0,2022-08-05T17:37:25Z,https://i.ytimg.com/vi/XeRY-sA-4d0/hqdefault.jpg,{'#VadraGandhiFiles'},49512,84
6,eGU5IJFJg9w,2022-10-28T19:26:59Z,https://i.ytimg.com/vi/eGU5IJFJg9w/hqdefault.jpg,{'#KhushbuFightsBack'},7307,46
7,FQkO9TfjkMY,2022-09-14T18:22:26Z,https://i.ytimg.com/vi/FQkO9TfjkMY/hqdefault.jpg,{'#SurveyWontStop'},20815,78
8,lSBLtIGnA6I,2022-08-03T17:36:16Z,https://i.ytimg.com/vi/lSBLtIGnA6I/hqdefault.jpg,{'#CongEDPanic'},90320,84
9,tzw7-ccsKY4,2022-08-23T17:45:00Z,https://i.ytimg.com/vi/tzw7-ccsKY4/hqdefault.jpg,{'#LiquorGate'},65634,70
10,7Vrb0rZPUqg,2022-10-31T18:56:19Z,https://i.ytimg.com/vi/7Vrb0rZPUqg/hqdefault.jpg,{'#WireCrime'},15845,59
11,UiYW8C2ssMw,2022-08-10T17:32:22Z,https://i.ytimg.com/vi/UiYW8C2ssMw/hqdefault.jpg,{'#NitishTargetsModi'},104260,164
12,12HItloO7EA,2022-09-02T18:15:00Z,https://i.ytimg.com/vi/12HItloO7EA/hqdefault.jpg,{'#VikrantPolitics'},16105,75
13,YAAZZAmhk60,2022-06-29T18:26:32Z,https://i.ytimg.com/vi/YAAZZAmhk60/hqdefault.jpg,{'#UddhavOut'},387186,200
14,kru9KJh2o7s,2022-10-12T17:43:19Z,https://i.ytimg.com/vi/kru9KJh2o7s/hqdefault.jpg,{'#SilenceOfTheLobby'},40514,45
15,rzBYHSr8y94,2022-09-08T17:17:37Z,https://i.ytimg.com/vi/rzBYHSr8y94/hqdefault.jpg,{'#NetajiOnKartavyaPath'},21903,37
16,q219V8IhlII,2021-08-16T19:30:50Z,https://i.ytimg.com/vi/q219V8IhlII/hqdefault.jpg,"{'#TalibanInPakNext', '#TalibaninPakNext'}",169424,1238
17,pKWS3TvOUU0,2022-08-26T18:21:46Z,https://i.ytimg.com/vi/pKWS3TvOUU0/hqdefault.jpg,{'#DelhiSchoolgate'},12308,79
18,XnJ_BWQkUiM,2022-10-28T19:30:05Z,https://i.ytimg.com/vi/XnJ_BWQkUiM/hqdefault.jpg,{'#HinduHlolocoust'},8974,36
19,Ve4O-gKWBDI,2022-09-07T18:30:24Z,https://i.ytimg.com/vi/Ve4O-gKWBDI/hqdefault.jpg,{'#RahulRobertJodi'},18426,140
20,ZT4aqvSI4dk,2022-10-31T18:45:00Z,https://i.ytimg.com/vi/ZT4aqvSI4dk/hqdefault.jpg,{'#MorbiScam'},4068,26
21,qml5qxX1R90,2022-10-05T18:24:55Z,https://i.ytimg.com/vi/qml5qxX1R90/hqdefault.jpg,{'#BRSvsBJP'},9956,98
22,xOoWpfFgbtg,2022-10-17T18:13:53Z,https://i.ytimg.com/vi/xOoWpfFgbtg/hqdefault.jpg,{'#KhargeBooster'},3221,4
23,399LvzjF7mY,2021-12-03T18:10:29Z,https://i.ytimg.com/vi/399LvzjF7mY/hqdefault.jpg,{'#BrokePakistan'},120161,394
24,7Hg1NXOUR8Y,2022-10-10T17:48:13Z,https://i.ytimg.com/vi/7Hg1NXOUR8Y/hqdefault.jpg,{'#NoToNukes'},54890,85
25,E3UzbUOpvDI,2022-04-02T17:34:55Z,https://i.ytimg.com/vi/E3UzbUOpvDI/hqdefault.jpg,{'#Ri'},399496,2042
26,GDifTgLE4ao,2022-11-01T19:30:00Z,https://i.ytimg.com/vi/GDifTgLE4ao/hqdefault.jpg,"{'#WireLie', '#WireLies', '#tWireLies'}",9648,64
27,_n1ssmWLM2M,2022-07-20T18:30:25Z,https://i.ytimg.com/vi/_n1ssmWLM2M/hqdefault.jpg,{'#GSTPolitics'},5220,17
28,zpKrcArS3J0,2021-11-16T18:28:43Z,https://i.ytimg.com/vi/zpKrcArS3J0/hqdefault.jpg,{'#CryptoBubble'},9875,78
29,Nrlk0kFieS0,2019-05-25T05:40:45Z,https://i.ytimg.com/vi/Nrlk0kFieS0/hqdefault.jpg,{'#LutyensCrisis'},207862,946
30,RxmoxsbO0os,2019-09-28T06:33:03Z,https://i.ytimg.com/vi/RxmoxsbO0os/hqdefault.jpg,{'#imranExposesPak'},382651,2976
31,Bf3NFVVDFZc,2020-07-21T19:11:11Z,https://i.ytimg.com/vi/Bf3NFVVDFZc/hqdefault.jpg,"{'#IndiaWantsSushantTruth', '#IndiaWantsSushanttTruth'}",1084286,9568
32,ML8TqnkE18k,2020-06-10T18:26:40Z,https://i.ytimg.com/vi/ML8TqnkE18k/hqdefault.jpg,{'#PakPanics'},260224,1942
33,eH8j2Aw-LTg,2021-07-02T16:57:04Z,https://i.ytimg.com/vi/eH8j2Aw-LTg/hqdefault.jpg,{'#PakCrossesLimits'},171497,382
34,xC9v9c_0XBo,2019-12-11T06:25:14Z,https://i.ytimg.com/vi/xC9v9c_0XBo/hqdefault.jpg,{'#HangThemNow'},29722,193
35,iBuCCC7jc1Y,2020-05-20T18:51:36Z,https://i.ytimg.com/vi/iBuCCC7jc1Y/hqdefault.jpg,{'#ChinaUsesNepal'},541448,13331
36,GBFjMCt0xbE,2022-10-07T17:43:17Z,https://i.ytimg.com/vi/GBFjMCt0xbE/hqdefault.jpg,{'#CholaDebate'},62470,300
37,EfFeA6S6_pM,2018-11-06T04:40:48Z,https://i.ytimg.com/vi/EfFeA6S6_pM/hqdefault.jpg,"{'#DiwaliWaringForPak', '#Diwa'}",82767,548
38,uJvKT8kfOAw,2019-12-07T06:36:34Z,https://i.ytimg.com/vi/uJvKT8kfOAw/hqdefault.jpg,"{'#Hyd', '#HyderabadJustice'}",249359,1217
39,2QTW_mPTTOk,2019-03-20T04:06:17Z,https://i.ytimg.com/vi/2QTW_mPTTOk/hqdefault.jpg,{'#BihariDacoitinsult'},90952,920
40,YWAPmVl9jrs,2020-09-15T19:12:29Z,https://i.ytimg.com/vi/YWAPmVl9jrs/hqdefault.jpg,{'#WakeUpBollywood'},837478,5206
41,mnyhBzYjrTs,2019-01-16T05:21:18Z,https://i.ytimg.com/vi/mnyhBzYjrTs/hqdefault.jpg,{'#TukdeTukdePlot'},130791,545
42,Jo-qGzNe3Pc,2021-06-29T18:14:19Z,https://i.ytimg.com/vi/Jo-qGzNe3Pc/hqdefault.jpg,{'#IndiaVaccineRecord'},9894,35
43,6Sn-Ez3u6Q4,2021-06-23T16:53:42Z,https://i.ytimg.com/vi/6Sn-Ez3u6Q4/hqdefault.jpg,{'#LootMoneyReturns'},19870,49
44,TPHZlsZSn6U,2020-07-19T11:42:05Z,https://i.ytimg.com/vi/TPHZlsZSn6U/hqdefault.jpg,{'#BollywoodLobby'},684139,6426
45,-Azutq1MxSQ,2018-07-30T11:18:35Z,https://i.ytimg.com/vi/-Azutq1MxSQ/hqdefault.jpg,{'#LutyensDebate'},120056,433
46,bzIBzWQd8A4,2019-08-06T05:44:20Z,https://i.ytimg.com/vi/bzIBzWQd8A4/hqdefault.jpg,{'#Kashmirintegrated'},147341,468
47,2ljAA1-e4EQ,2020-09-10T19:03:26Z,https://i.ytimg.com/vi/2ljAA1-e4EQ/hqdefault.jpg,{'#KanganaVsUddhav'},360807,3070
48,AaFVeT80o6g,2020-01-08T19:27:50Z,https://i.ytimg.com/vi/AaFVeT80o6g/hqdefault.jpg,{'#BollywoodPseudos'},239241,1615
49,azCMcuPtjps,2019-07-31T05:05:37Z,https://i.ytimg.com/vi/azCMcuPtjps/hqdefault.jpg,"{'#Mod', '#ModiEndsTripleTalaq'}",50545,308
50,ia8IjPIUfDk,2018-08-27T06:28:30Z,https://i.ytimg.com/vi/ia8IjPIUfDk/hqdefault.jpg,{'#RahulTerrorLogic'},177930,808
51,RkJLtmOeuE8,2022-10-26T18:12:39Z,https://i.ytimg.com/vi/RkJLtmOeuE8/hqdefault.jpg,{'#CoimbatoreCoverup'},7121,28
52,FpyC3lL4OIQ,2021-06-24T16:39:00Z,https://i.ytimg.com/vi/FpyC3lL4OIQ/hqdefault.jpg,{'#KashmirPolicyWins'},4982,17
53,nzhQluYd5BY,2018-10-30T04:54:03Z,https://i.ytimg.com/vi/nzhQluYd5BY/hqdefault.jpg,"{'#LoCStrike', '#LocStrike'}",140248,572
54,-ar4leTwHfI,2019-09-17T06:05:08Z,https://i.ytimg.com/vi/-ar4leTwHfI/hqdefault.jpg,{'#WillHindiUnify'},126340,3629
55,ACkvpy_K5AQ,2020-02-13T18:35:43Z,https://i.ytimg.com/vi/ACkvpy_K5AQ/hqdefault.jpg,{'#JaishankarGivesitBack'},241264,1060
56,QjoEq5FFHmg,2021-06-21T17:14:57Z,https://i.ytimg.com/vi/QjoEq5FFHmg/hqdefault.jpg,"{'#2chiapoticy', '#2ChildPolicy', '#2ChildPolic'}",167055,430
57,q3-Wj86WmZY,2022-09-21T18:33:41Z,https://i.ytimg.com/vi/q3-Wj86WmZY/hqdefault.jpg,{'#FinalTRPReport'},4612,21
58,czxag6rKcJk,2021-09-21T19:21:16Z,https://i.ytimg.com/vi/czxag6rKcJk/hqdefault.jpg,{'#TalibaniPakistan'},83122,627
59,VltyDk_pMIQ,2019-06-18T05:53:51Z,https://i.ytimg.com/vi/VltyDk_pMIQ/hqdefault.jpg,{'#indiaWithSania'},206267,1238
60,VltyDk_pMIQ,2019-06-18T05:53:51Z,https://i.ytimg.com/vi/VltyDk_pMIQ/hqdefault.jpg,{'#indiaWithSania'},206268,1238
61,asD0kXOTGWI,2020-10-15T16:31:51Z,https://i.ytimg.com/vi/asD0kXOTGWI/hqdefault.jpg,{'#RealSecularism'},5446,14
62,qm3lrp-6T8M,2021-07-29T17:35:57Z,https://i.ytimg.com/vi/qm3lrp-6T8M/hqdefault.jpg,{'#AmericaDontMeddle'},18744,72
63,KPGY75haQB0,2017-05-13T12:19:00Z,https://i.ytimg.com/vi/KPGY75haQB0/hqdefault.jpg,{'#ZakirConversionFactory'},377401,2326
64,StIT2RJtOTA,2022-10-18T17:36:36Z,https://i.ytimg.com/vi/StIT2RJtOTA/hqdefault.jpg,{'#TukdeTukdeCowards'},43046,53
65,C2MPBcSsYPM,2022-10-17T18:13:56Z,https://i.ytimg.com/vi/C2MPBcSsYPM/hqdefault.jpg,{'#FarooqJustifiesTerror'},8521,44
66,xVgqcE9NoUU,2022-02-14T17:35:07Z,https://i.ytimg.com/vi/xVgqcE9NoUU/hqdefault.jpg,{'#PakMeddlers'},119999,261
67,pWeTZWVOXn0,2022-09-21T17:43:09Z,https://i.ytimg.com/vi/pWeTZWVOXn0/hqdefault.jpg,{'#FinalTRPReport'},28397,43
68,lrJ3hVEM5_w,2021-07-01T17:38:23Z,https://i.ytimg.com/vi/lrJ3hVEM5_w/hqdefault.jpg,{'#YogiVsAll'},1329,2
69,XCCyBTHoFGA,2021-11-18T20:34:38Z,https://i.ytimg.com/vi/XCCyBTHoFGA/hqdefault.jpg,{'#CryptoFear'},6811,26
70,_H9aCrKjAPo,2022-10-07T01:14:59Z,https://i.ytimg.com/vi/_H9aCrKjAPo/hqdefault.jpg,{'#RespectThePresident'},36047,29
71,J6iKvHEp88U,2022-10-25T18:45:47Z,https://i.ytimg.com/vi/J6iKvHEp88U/hqdefault.jpg,{'#CoimbatoreTruth'},5985,31
72,aVmm0C9fJZg,2021-04-15T18:40:03Z,https://i.ytimg.com/vi/aVmm0C9fJZg/hqdefault.jpg,{'#COVIDActionPlan'},45768,253
73,CLsgkpn7ycE,2022-02-08T18:30:07Z,https://i.ytimg.com/vi/CLsgkpn7ycE/hqdefault.jpg,{'#NationAboveAll'},36701,167
74,HvVkrpBLLGs,2022-09-22T17:39:12Z,https://i.ytimg.com/vi/HvVkrpBLLGs/hqdefault.jpg,"{'#TRPTruthout', '#TRPTruthOut'}",41574,45
75,NrXxbL0WsAs,2021-08-27T19:50:45Z,https://i.ytimg.com/vi/NrXxbL0WsAs/hqdefault.jpg,{'#WipeOutPakTerror'},213702,1589
76,8vSF702XfY4,2021-10-21T18:54:18Z,https://i.ytimg.com/vi/8vSF702XfY4/hqdefault.jpg,"{'#NCBJoltsBollywood', '#NC'}",148651,910
77,pyJapdt9amc,2021-07-27T18:22:07Z,https://i.ytimg.com/vi/pyJapdt9amc/hqdefault.jpg,{'#AssamMizoramClash'},64547,2105
78,m5eRvmiljmg,2018-10-10T04:08:17Z,https://i.ytimg.com/vi/m5eRvmiljmg/hqdefault.jpg,{'#CongTukdeTruth'},44326,282
79,YvF1tYZzSmg,2019-10-04T06:12:29Z,https://i.ytimg.com/vi/YvF1tYZzSmg/hqdefault.jpg,{'#NayaKashmirSpeaks'},150572,761
80,FkdCwCjATHk,2022-06-20T18:45:00Z,https://i.ytimg.com/vi/FkdCwCjATHk/hqdefault.jpg,"{'#indiawithAgniveer', '#IndiaWithAgniveer'}",14662,91
81,vZXtSUef-MI,2019-10-23T06:11:18Z,https://i.ytimg.com/vi/vZXtSUef-MI/hqdefault.jpg,{'#OperationPoK'},168636,606
82,OyJ0LDoTVao,2019-12-26T05:59:31Z,https://i.ytimg.com/vi/OyJ0LDoTVao/hqdefault.jpg,{'#FakeNewsMafia'},38437,202
83,0Eg3vf8_2Pg,2019-05-02T05:21:54Z,https://i.ytimg.com/vi/0Eg3vf8_2Pg/hqdefault.jpg,"{'#JaiShriRamChant', '#J'}",239594,1506
84,7290Ayr2uAE,2018-10-24T04:28:10Z,https://i.ytimg.com/vi/7290Ayr2uAE/hqdefault.jpg,{'#MyVandeMataram'},30522,244
85,tfhujhP-E4w,2018-05-15T01:43:11Z,https://i.ytimg.com/vi/tfhujhP-E4w/hqdefault.jpg,{'#TharoorCharged'},21677,74
86,yJwqpABXsQA,2022-10-18T18:14:00Z,https://i.ytimg.com/vi/yJwqpABXsQA/hqdefault.jpg,{'#TerrorStateSilent'},10939,44
87,zjao4ppN3Gc,2019-03-01T07:08:05Z,https://i.ytimg.com/vi/zjao4ppN3Gc/hqdefault.jpg,{'#Finalstrike'},106514,973
88,CQfDZx337i8,2021-06-30T19:17:26Z,https://i.ytimg.com/vi/CQfDZx337i8/hqdefault.jpg,{'#PakBeWarned'},94488,611
89,unEjizh9mi8,2020-05-20T17:30:04Z,https://i.ytimg.com/vi/unEjizh9mi8/hqdefault.jpg,{'#ChinaUsesNepal'},51793,470
90,NIz1BduYdhg,2020-11-16T18:03:49Z,https://i.ytimg.com/vi/NIz1BduYdhg/hqdefault.jpg,{'#IndiaVsGupkarGang'},49974,339
91,tn_NEBg8bNw,2022-01-26T18:30:54Z,https://i.ytimg.com/vi/tn_NEBg8bNw/hqdefault.jpg,{'#PadmapPolitics'},23325,97
92,xBm5hHEn7io,2022-06-28T18:15:05Z,https://i.ytimg.com/vi/xBm5hHEn7io/hqdefault.jpg,{'#ZubairHypocrites'},27739,168
93,bzdtgHKG7Tw,2019-08-02T05:01:04Z,https://i.ytimg.com/vi/bzdtgHKG7Tw/hqdefault.jpg,"{'#NoJusticeInUnnao', '#NoJusticelInUnnao', '#NoJustice'}",26642,261
94,uePXnVhlY44,2019-11-22T05:49:42Z,https://i.ytimg.com/vi/uePXnVhlY44/hqdefault.jpg,{'#ArrestNithyananda'},313419,1210
95,hJ1hlTAHguc,2022-09-02T17:42:46Z,https://i.ytimg.com/vi/hJ1hlTAHguc/hqdefault.jpg,{'#ShivamurthyVVIPTreatment'},31181,60
96,0iLbCnS6dd8,2019-01-15T05:47:43Z,https://i.ytimg.com/vi/0iLbCnS6dd8/hqdefault.jpg,{'#TukdeTukdeChargesheet'},197758,2229
97,jYdSY2M41Zc,2022-10-25T18:36:17Z,https://i.ytimg.com/vi/jYdSY2M41Zc/hqdefault.jpg,{'#DiwaliRiotPlot'},4039,13
98,yVHHy2ozkaY,2019-03-06T04:11:26Z,https://i.ytimg.com/vi/yVHHy2ozkaY/hqdefault.jpg,{'#PunishPakLoyalists'},52715,505
99,0iLbCnS6dd8,2019-01-15T05:47:43Z,https://i.ytimg.com/vi/0iLbCnS6dd8/hqdefault.jpg,{'#TukdeTukdeChargesheet'},197758,2229
100,lzVpXULwSDA,2018-10-30T16:13:27Z,https://i.ytimg.com/vi/lzVpXULwSDA/hqdefault.jpg,{'#RahulGotraAttack'},19762,103
101,LQQBl8-PVRE,2022-07-07T17:32:34Z,https://i.ytimg.com/vi/LQQBl8-PVRE/hqdefault.jpg,{'#WhoFundedZubair'},113265,123
102,ODgHxXuPtKQ,2020-01-13T18:13:20Z,https://i.ytimg.com/vi/ODgHxXuPtKQ/hqdefault.jpg,{'#CantStopRepublic'},60021,658
103,nKKtmWJOx1A,2022-05-02T18:02:12Z,https://i.ytimg.com/vi/nKKtmWJOx1A/hqdefault.jpg,{'#1S1SReality'},59514,79
104,HcQZOVmv110,2022-06-17T18:45:01Z,https://i.ytimg.com/vi/HcQZOVmv110/hqdefault.jpg,{'#IndiaForAgnipath'},23342,154
105,qu97sEp2e2k,2018-08-30T11:04:24Z,https://i.ytimg.com/vi/qu97sEp2e2k/hqdefault.jpg,"{'#NationalistsVsMaoist', '#NationalistsVsMaoists'}",30038,246
106,tAPogLhcyp4,2020-02-12T19:35:30Z,https://i.ytimg.com/vi/tAPogLhcyp4/hqdefault.jpg,{'#HowMuchFree'},49011,478
107,h8cS3KT5G9E,2018-09-06T02:19:15Z,https://i.ytimg.com/vi/h8cS3KT5G9E/hqdefault.jpg,{'#IndiaForGayRights'},45347,254
108,mci8GAudY5I,2020-09-09T19:30:53Z,https://i.ytimg.com/vi/mci8GAudY5I/hqdefault.jpg,{'#SunandaMurder'},159823,634
109,9NOiXLsPx88,2020-10-01T18:00:46Z,https://i.ytimg.com/vi/9NOiXLsPx88/hqdefault.jpg,{'#RheaLiedAboutSSR'},353218,2015
110,CsSbEo_HWUo,2022-07-04T19:00:04Z,https://i.ytimg.com/vi/CsSbEo_HWUo/hqdefault.jpg,{'#PMSecurityBreach'},18271,106
111,DpTw7_6ioZ4,2019-07-27T06:09:40Z,https://i.ytimg.com/vi/DpTw7_6ioZ4/hqdefault.jpg,{'#SackPervertAzam'},37218,295
112,9MVsVaFqDmc,2020-08-24T16:26:05Z,https://i.ytimg.com/vi/9MVsVaFqDmc/hqdefault.jpg,{'#SushantTruthNow'},472574,930
113,E3gOSqE0kTg,2022-05-06T17:38:44Z,https://i.ytimg.com/vi/E3gOSqE0kTg/hqdefault.jpg,{'#BaggaTweetArrest'},79712,136
114,Jm7p4wE_RJw,2021-06-24T17:54:26Z,https://i.ytimg.com/vi/Jm7p4wE_RJw/hqdefault.jpg,{'#KashmirPolicyWins'},33302,109
115,3bj5Mm_YZic,2020-06-19T17:05:51Z,https://i.ytimg.com/vi/3bj5Mm_YZic/hqdefault.jpg,{'#CongTraitorOnTape'},18853,101
116,ajo6SPrpgdE,2020-09-16T16:33:14Z,https://i.ytimg.com/vi/ajo6SPrpgdE/hqdefault.jpg,{'#SushantHomicide'},82407,162
117,RNoQBdofXCs,2020-07-27T16:21:42Z,https://i.ytimg.com/vi/RNoQBdofXCs/hqdefault.jpg,{'#SpeakUpForSushant'},225440,842
118,NwTYgfs4N2Q,2022-03-14T17:31:47Z,https://i.ytimg.com/vi/NwTYgfs4N2Q/hqdefault.jpg,{'#KashmirFilesDebate'},577874,1639
119,A930Ub5JhcQ,2022-07-06T17:42:13Z,https://i.ytimg.com/vi/A930Ub5JhcQ/hqdefault.jpg,{'#HinduphobicViolence'},120184,57
120,mX2K7kFobjM,2022-10-27T13:59:20Z,https://i.ytimg.com/vi/mX2K7kFobjM/hqdefault.jpg,{'#TelanganaPoachingClaim'},1596,7
121,AY4nz8hIyoc,2021-07-13T18:01:56Z,https://i.ytimg.com/vi/AY4nz8hIyoc/hqdefault.jpg,{'#NoBeefBan'},46048,406
122,s4klDy3k-bM,2018-10-18T06:30:01Z,https://i.ytimg.com/vi/s4klDy3k-bM/hqdefault.jpg,{'#Sabarimala'},40751,650
123,oWsXwaWe0t8,2022-08-17T19:30:03Z,https://i.ytimg.com/vi/oWsXwaWe0t8/hqdefault.jpg,{'#WhoWantsRohingyas'},9567,65
124,xAxGscXcRks,2020-10-30T16:34:33Z,https://i.ytimg.com/vi/xAxGscXcRks/hqdefault.jpg,{'#ParamBirLieExposed'},22341,131
125,onuJO1c2Fus,2022-02-10T18:29:17Z,https://i.ytimg.com/vi/onuJO1c2Fus/hqdefault.jpg,{'#CharityScandal'},82765,383
126,ybCMdJ7zioY,2022-04-13T18:15:12Z,https://i.ytimg.com/vi/ybCMdJ7zioY/hqdefault.jpg,{'#USWarBonanza'},190967,1198
127,o9qRW3NV-28,2021-08-10T17:39:58Z,https://i.ytimg.com/vi/o9qRW3NV-28/hqdefault.jpg,{'#PakTerrorTape'},8616,50
128,01DPvKRbXV8,2020-03-24T16:43:08Z,https://i.ytimg.com/vi/01DPvKRbXV8/hqdefault.jpg,"{'#21DayLockdown', '#21'}",10195,15
129,4xw1tSuJ35Q,2022-05-31T17:45:41Z,https://i.ytimg.com/vi/4xw1tSuJ35Q/hqdefault.jpg,{'#SatyendarFiles'},52499,81
130,nAUy3dbi3Pk,2021-10-26T18:13:37Z,https://i.ytimg.com/vi/nAUy3dbi3Pk/hqdefault.jpg,{'#WankhedeVsMalik'},81819,902
131,aIeOMTsCTR4,2020-12-24T18:02:59Z,https://i.ytimg.com/vi/aIeOMTsCTR4/hqdefault.jpg,{'#CongShowSaboot'},90265,521
132,yo1tNET2V_k,2022-06-02T17:40:16Z,https://i.ytimg.com/vi/yo1tNET2V_k/hqdefault.jpg,{'#HinduExodus'},52687,124
133,DNpzusqUuls,2022-06-16T18:00:06Z,https://i.ytimg.com/vi/DNpzusqUuls/hqdefault.jpg,{'#RollTheBulldozer'},16935,84
134,E4lfFQOj7_w,2021-08-25T21:39:20Z,https://i.ytimg.com/vi/E4lfFQOj7_w/hqdefault.jpg,{'#USBetraysAfghans'},100495,896
135,p_NYmfz40qU,2019-06-19T05:35:45Z,https://i.ytimg.com/vi/p_NYmfz40qU/hqdefault.jpg,"{'#Biharlnvestigation', '#BiharInvestigation'}",10051,99
136,Sl7xk-hh1XY,2022-09-08T16:47:50Z,https://i.ytimg.com/vi/Sl7xk-hh1XY/hqdefault.jpg,{'#NoTributeForTerror'},27742,40
137,Zz2W6Ah67Jc,2020-01-09T18:54:17Z,https://i.ytimg.com/vi/Zz2W6Ah67Jc/hqdefault.jpg,"{'#National', '#NationalismInKashmir'}",98559,528
138,2qH3inol6ec,2020-02-14T17:55:00Z,https://i.ytimg.com/vi/2qH3inol6ec/hqdefault.jpg,{'#BengaluruCoverup'},1740,4
139,MDwdmQWwVK8,2022-03-18T17:33:54Z,https://i.ytimg.com/vi/MDwdmQWwVK8/hqdefault.jpg,{'#OilHypocrisy'},195944,456
140,c3chHi2ijJU,2022-05-30T17:35:08Z,https://i.ytimg.com/vi/c3chHi2ijJU/hqdefault.jpg,{'#GyanvapiTapes'},66395,102
141,ozW83AS8sB8,2019-01-25T06:00:36Z,https://i.ytimg.com/vi/ozW83AS8sB8/hqdefault.jpg,{'#NationalApprovalRatings'},51081,234
142,JWMa6hkubfI,2021-09-09T19:01:40Z,https://i.ytimg.com/vi/JWMa6hkubfI/hqdefault.jpg,"{'#Taliban91', '#Taliban911Celebration'}",36009,342
143,u4VIc8Xkxt8,2022-05-07T16:04:01Z,https://i.ytimg.com/vi/u4VIc8Xkxt8/hqdefault.jpg,{'#Hinduphobia'},63531,241
144,kKXoLqbP3NY,2022-04-07T12:39:33Z,https://i.ytimg.com/vi/kKXoLqbP3NY/hqdefault.jpg,{'#ArnabZelenskyyinterview'},640756,2785
145,lz6XhPKbS5E,2021-01-27T18:31:04Z,https://i.ytimg.com/vi/lz6XhPKbS5E/hqdefault.jpg,{'#NationalistCollective'},39934,406
146,tcEK7IjvGmM,2020-11-12T16:35:54Z,https://i.ytimg.com/vi/tcEK7IjvGmM/hqdefault.jpg,"{'#ArnabisBack', '#ArnablisBack'}",79663,567
147,0pm1C8H0Xp8,2020-06-30T17:29:39Z,https://i.ytimg.com/vi/0pm1C8H0Xp8/hqdefault.jpg,{'#RepublicDefeatsSonia'},43359,68
148,RZqamoZYnqU,2020-08-13T18:04:46Z,https://i.ytimg.com/vi/RZqamoZYnqU/hqdefault.jpg,{'#CBIForSSR'},524163,5689
149,S7ECRpCS_qg,2021-06-29T18:10:12Z,https://i.ytimg.com/vi/S7ECRpCS_qg/hqdefault.jpg,{'#AntiVistaLobbyFlops'},11061,41
150,hz3hAeZqu2o,2020-09-17T16:54:29Z,https://i.ytimg.com/vi/hz3hAeZqu2o/hqdefault.jpg,{'#FreeGilgitBaltistan'},20453,61
151,PFkEKtf_MZ0,2019-03-28T06:31:01Z,https://i.ytimg.com/vi/PFkEKtf_MZ0/hqdefault.jpg,"{'#IindiaSpaceSuperPower', '#IndiaSpaceSuperPower'}",62594,445
152,-vJrK5JTe1E,2020-07-30T18:42:52Z,https://i.ytimg.com/vi/-vJrK5JTe1E/hqdefault.jpg,{'#SushantConspiracy'},543847,4175
153,jmug3De1aSo,2022-05-04T17:36:48Z,https://i.ytimg.com/vi/jmug3De1aSo/hqdefault.jpg,{'#VazeKillerCop'},75512,76
154,830sK0V7GUc,2021-01-18T16:25:47Z,https://i.ytimg.com/vi/830sK0V7GUc/hqdefault.jpg,{'#RepublicVsPakistan'},38653,583
155,I3XKx59TET8,2020-11-24T17:09:23Z,https://i.ytimg.com/vi/I3XKx59TET8/hqdefault.jpg,"{'#COVI', '#COVIDSecondWave'}",13067,52
156,gVpC1R19LpM,2020-04-02T19:45:02Z,https://i.ytimg.com/vi/gVpC1R19LpM/hqdefault.jpg,{'#LockdownQuestions'},9056,18
157,pnZQCWlTaEs,2022-06-21T18:17:45Z,https://i.ytimg.com/vi/pnZQCWlTaEs/hqdefault.jpg,{'#TheNextPresident'},18597,93
158,tPDj7FhbUso,2020-08-16T08:10:31Z,https://i.ytimg.com/vi/tPDj7FhbUso/hqdefault.jpg,"{'#CBIFo', '#CBIForSSR'}",200617,906
159,m5gTzSG9tWE,2020-02-13T17:36:28Z,https://i.ytimg.com/vi/m5gTzSG9tWE/hqdefault.jpg,"{'#2', '#JaishankarGivesitBack'}",9517,13
160,M202TYmClg4,2022-05-05T17:32:37Z,https://i.ytimg.com/vi/M202TYmClg4/hqdefault.jpg,{'#JusticeForNagaraju'},67665,293
161,c3VecGVCucU,2021-07-01T17:35:30Z,https://i.ytimg.com/vi/c3VecGVCucU/hqdefault.jpg,{'#YogiVsAll'},2577,12
162,D9haUMr2Bus,2020-06-26T17:33:17Z,https://i.ytimg.com/vi/D9haUMr2Bus/hqdefault.jpg,{'#RightToReport'},14741,39
163,WuG3tWdDbak,2020-07-07T18:43:30Z,https://i.ytimg.com/vi/WuG3tWdDbak/hqdefault.jpg,{'#DragonWithoutFire'},189056,504
164,DB1_L8dowu4,2020-09-22T16:18:12Z,https://i.ytimg.com/vi/DB1_L8dowu4/hqdefault.jpg,{'#BollywoodDirt'},61554,255
165,LwbSZWvKPME,2020-09-21T18:21:54Z,https://i.ytimg.com/vi/LwbSZWvKPME/hqdefault.jpg,{'#BoycottBollywoodDruggies'},587466,3399
166,WM2xFF9YOy4,2020-11-16T17:17:33Z,https://i.ytimg.com/vi/WM2xFF9YOy4/hqdefault.jpg,{'#PFIGlobalConspiracy'},9642,30
167,cXYlR78cKdE,2022-04-14T17:37:19Z,https://i.ytimg.com/vi/cXYlR78cKdE/hqdefault.jpg,{'#Campusintolerance'},81360,113
168,HgfeC-AQhu4,2021-01-19T19:47:33Z,https://i.ytimg.com/vi/HgfeC-AQhu4/hqdefault.jpg,"{'#3', '#ArnabWontCompromise'}",93077,1882
169,812tM9zPaN0,2021-02-12T18:56:46Z,https://i.ytimg.com/vi/812tM9zPaN0/hqdefault.jpg,{'#IndiaRejectsAbuse'},64128,572
170,_agWXVjkzgM,2021-09-23T18:42:42Z,https://i.ytimg.com/vi/_agWXVjkzgM/hqdefault.jpg,{'#HuntForParamBir'},112903,533
171,G8owCsXiBjw,2020-11-23T16:07:56Z,https://i.ytimg.com/vi/G8owCsXiBjw/hqdefault.jpg,{'#DrugMafiaVsNCB'},108521,419
172,h8GzkLVkIGI,2020-11-25T18:32:44Z,https://i.ytimg.com/vi/h8GzkLVkIGI/hqdefault.jpg,{'#LoveJihadDebate'},78505,568
173,fP2nEs04Z7M,2020-09-01T16:49:58Z,https://i.ytimg.com/vi/fP2nEs04Z7M/hqdefault.jpg,{'#FBDontBlock'},32340,68
174,WZzffGA6pWM,2022-07-11T19:00:08Z,https://i.ytimg.com/vi/WZzffGA6pWM/hqdefault.jpg,{'#HumanRightsForProfit'},11749,61
175,98EUq_ws9WE,2020-11-12T18:19:55Z,https://i.ytimg.com/vi/98EUq_ws9WE/hqdefault.jpg,"{'#ArnablsBack', '#ArnablisBack'}",263532,1655
176,IZ7g0Hri0Ao,2020-06-26T16:36:35Z,https://i.ytimg.com/vi/IZ7g0Hri0Ao/hqdefault.jpg,"{'#SoniatrustScam', '#SoniaTrustScam'}",3617,20
177,I9LLMIZvXvo,2020-11-16T18:16:34Z,https://i.ytimg.com/vi/I9LLMIZvXvo/hqdefault.jpg,{'#NobodyWantsVadras'},179734,467
178,tM83h-ZtiTI,2022-09-29T18:21:05Z,https://i.ytimg.com/vi/tM83h-ZtiTI/hqdefault.jpg,{'#RealTRPScam'},4916,32
179,PDr8WRGCZw4,2022-05-16T18:20:57Z,https://i.ytimg.com/vi/PDr8WRGCZw4/hqdefault.jpg,{'#BabaMilGaye'},37599,156
180,NNGG0uExf7E,2022-05-14T16:00:02Z,https://i.ytimg.com/vi/NNGG0uExf7E/hqdefault.jpg,{'#BurnindiaGang'},68517,226
181,d253O7PNRfY,2020-11-19T17:28:43Z,https://i.ytimg.com/vi/d253O7PNRfY/hqdefault.jpg,"{'#CongLessOppo', '#CongLessOpposition'}",10529,47
182,tVyeMNDzYOg,2022-06-14T18:01:50Z,https://i.ytimg.com/vi/tVyeMNDzYOg/hqdefault.jpg,{'#FreedomStruggleForProfit'},75470,61
183,r2DTqG9s0Vo,2022-04-20T17:32:03Z,https://i.ytimg.com/vi/r2DTqG9s0Vo/hqdefault.jpg,{'#BulldozerYesOrNo'},89498,274
184,cyRWX2XpYhE,2020-09-22T16:13:15Z,https://i.ytimg.com/vi/cyRWX2XpYhE/hqdefault.jpg,{'#BollywoodDirt'},95296,255
185,k4VQ4h7O78s,2020-08-27T17:00:05Z,https://i.ytimg.com/vi/k4VQ4h7O78s/hqdefault.jpg,{'#ArrestRheaChakraborty'},78337,331
186,eJvJco6hXWg,2021-02-22T17:09:09Z,https://i.ytimg.com/vi/eJvJco6hXWg/hqdefault.jpg,{'#PinarayiSpeakUp'},5295,43
187,_MoliCXM5cw,2017-08-02T16:35:26Z,https://i.ytimg.com/vi/_MoliCXM5cw/hqdefault.jpg,{'#CongCashStash'},25014,21
188,4od3KkcFzis,2022-01-27T18:48:30Z,https://i.ytimg.com/vi/4od3KkcFzis/hqdefault.jpg,{'#AnsariControversy'},67090,453
189,OaqNE0rgJX4,2022-03-09T16:32:17Z,https://i.ytimg.com/vi/OaqNE0rgJX4/hqdefault.jpg,{'#ChinaWarnsWest'},275025,959
190,5fvq6pAgZaI,2020-01-21T17:05:54Z,https://i.ytimg.com/vi/5fvq6pAgZaI/hqdefault.jpg,{'#PavanExplodes'},1215,1
191,KiHAh3Y4-fs,2020-02-20T19:18:08Z,https://i.ytimg.com/vi/KiHAh3Y4-fs/hqdefault.jpg,{'#ShaheenBaghCollapse'},57818,143
192,vNiW6VEY9AY,2020-09-15T16:35:39Z,https://i.ytimg.com/vi/vNiW6VEY9AY/hqdefault.jpg,{'#WakeUpBollywood'},131220,755
193,FgzH09A1HTI,2020-07-29T18:51:02Z,https://i.ytimg.com/vi/FgzH09A1HTI/hqdefault.jpg,{'#IndiaForSushant'},621899,6678
194,FxktToAWXUk,2020-06-16T16:49:12Z,https://i.ytimg.com/vi/FxktToAWXUk/hqdefault.jpg,{'#ChinaGetOut'},339274,1205
195,Q8OrRrmonxE,2019-09-28T06:53:59Z,https://i.ytimg.com/vi/Q8OrRrmonxE/hqdefault.jpg,{'#ModiCreatesHistory'},52006,262
196,dZh5_Ly2AKM,2020-06-22T17:24:25Z,https://i.ytimg.com/vi/dZh5_Ly2AKM/hqdefault.jpg,{'#SoniaChinaDeal'},16176,121
197,3RGo4tJ68CQ,2020-01-21T17:06:21Z,https://i.ytimg.com/vi/3RGo4tJ68CQ/hqdefault.jpg,{'#PavanExplodes'},1474,6
198,fef_uKI0-Xg,2022-03-21T17:31:27Z,https://i.ytimg.com/vi/fef_uKI0-Xg/hqdefault.jpg,{'#WorldWarWarning'},170053,442
199,9bwM4q7A14g,2020-12-10T17:24:36Z,https://i.ytimg.com/vi/9bwM4q7A14g/hqdefault.jpg,{'#StopFarmerPolitics'},13527,149
200,aSNbTVA2IOc,2021-04-08T18:37:29Z,https://i.ytimg.com/vi/aSNbTVA2IOc/hqdefault.jpg,{'#ExposeExtortionGang'},68009,208
201,2C3Hs2wdaoc,2020-08-27T16:45:40Z,https://i.ytimg.com/vi/2C3Hs2wdaoc/hqdefault.jpg,{'#ArrestRheaChakraborty'},31197,216
202,oOOhs9BGknc,2020-11-24T18:29:23Z,https://i.ytimg.com/vi/oOOhs9BGknc/hqdefault.jpg,{'#COVIDSecondWave'},55647,239
203,Uy3UJC8Wgws,2022-05-04T18:41:57Z,https://i.ytimg.com/vi/Uy3UJC8Wgws/hqdefault.jpg,{'#RajVsUddhav'},26355,100
204,yqCKzNQmykk,2022-05-20T18:15:02Z,https://i.ytimg.com/vi/yqCKzNQmykk/hqdefault.jpg,{'#WhokKilledSheena'},31600,106
205,KOEh0aGiqH4,2021-03-25T16:25:46Z,https://i.ytimg.com/vi/KOEh0aGiqH4/hqdefault.jpg,{'#VazegateClincher'},20032,34
206,xirAodrvLoM,2021-10-19T19:05:56Z,https://i.ytimg.com/vi/xirAodrvLoM/hqdefault.jpg,{'#PakTrembling'},54593,343
207,nPKXsClLdlA,2021-06-21T18:14:38Z,https://i.ytimg.com/vi/nPKXsClLdlA/hqdefault.jpg,{'#2ChildPolicy'},31012,284
208,AyZ32tgYo7U,2021-06-29T18:25:15Z,https://i.ytimg.com/vi/AyZ32tgYo7U/hqdefault.jpg,{'#AntiVistaLobbyFlops'},17377,102
209,BfyI9U5T5PU,2022-02-16T18:08:03Z,https://i.ytimg.com/vi/BfyI9U5T5PU/hqdefault.jpg,{'#Nolnvasion'},24792,63
210,I80cNOZuPrs,2021-01-21T17:58:29Z,https://i.ytimg.com/vi/I80cNOZuPrs/hqdefault.jpg,{'#NetajiAbovePolitics'},14698,224
211,RqK9e43wrI0,2020-05-19T16:44:14Z,https://i.ytimg.com/vi/RqK9e43wrI0/hqdefault.jpg,{'#VadraBusSham'},4828,34
212,oDjqTxYY6E4,2020-09-03T17:32:00Z,https://i.ytimg.com/vi/oDjqTxYY6E4/hqdefault.jpg,"{'#JusticeForPMCVictims', '#30'}",25421,113
213,e0s0ZGaqltU,2020-08-05T16:42:33Z,https://i.ytimg.com/vi/e0s0ZGaqltU/hqdefault.jpg,"{'#SushantWaskKilled', '#SushantWasKilled', '#SushantWaskiled', '#SushantWaskilled'}",99326,313
214,r3fLsJODYnY,2020-06-17T17:33:51Z,https://i.ytimg.com/vi/r3fLsJODYnY/hqdefault.jpg,{'#BharatVsChina'},28673,182
215,_T1zc90K2fk,2020-10-15T16:29:39Z,https://i.ytimg.com/vi/_T1zc90K2fk/hqdefault.jpg,{'#RealSecularism'},14823,85
216,gDjWTmXRt9M,2020-06-02T17:21:33Z,https://i.ytimg.com/vi/gDjWTmXRt9M/hqdefault.jpg,{'#BoycottChina'},10290,67
217,2vUVs0frUfs,2022-04-14T18:15:28Z,https://i.ytimg.com/vi/2vUVs0frUfs/hqdefault.jpg,{'#LoudspeakerFight'},34224,154
218,zRzvvMwP5Lw,2019-10-10T05:48:19Z,https://i.ytimg.com/vi/zRzvvMwP5Lw/hqdefault.jpg,"{'#5', '#JusticeForPMCVictims'}",30503,312
219,TJsXhrAyJ7E,2019-10-05T05:48:49Z,https://i.ytimg.com/vi/TJsXhrAyJ7E/hqdefault.jpg,{'#NationalismMatters'},20365,132
220,4SjcPuzXyzM,2022-04-29T18:33:57Z,https://i.ytimg.com/vi/4SjcPuzXyzM/hqdefault.jpg,{'#LoudspeakerAlliance'},29926,86
221,eGx5vuLU7Ns,2020-01-20T18:36:07Z,https://i.ytimg.com/vi/eGx5vuLU7Ns/hqdefault.jpg,{'#ShaheenBaghScam'},63395,330
222,DC_TpiG4WWA,2019-08-01T05:00:21Z,https://i.ytimg.com/vi/DC_TpiG4WWA/hqdefault.jpg,"{'#U', '#UdtaBollywood'}",1634291,5397
223,wdZULgzY_gE,2019-08-14T05:52:48Z,https://i.ytimg.com/vi/wdZULgzY_gE/hqdefault.jpg,"{'#PakPackUpp', '#PakPackU'}",153626,701
224,9iK-HvQR0iY,2020-12-15T18:16:54Z,https://i.ytimg.com/vi/9iK-HvQR0iY/hqdefault.jpg,"{'#ConglinsultsDemocracy', '#CongInsultsDemocracy'}",8164,91
225,X49vzws9T3g,2021-06-23T17:56:33Z,https://i.ytimg.com/vi/X49vzws9T3g/hqdefault.jpg,{'#PakTerrorBitesBack'},6251,17
226,sY81Bc62lr4,2019-02-21T04:58:52Z,https://i.ytimg.com/vi/sY81Bc62lr4/hqdefault.jpg,{'#BoycottPakistan'},105835,959
227,0GN7IQ_3l4U,2022-05-05T18:41:19Z,https://i.ytimg.com/vi/0GN7IQ_3l4U/hqdefault.jpg,{'#CAANow'},11338,108
228,J8m0jvbR0Ko,2019-09-10T05:57:14Z,https://i.ytimg.com/vi/J8m0jvbR0Ko/hqdefault.jpg,{'#RepublicExposesAmnesty'},10514,68
229,riFVTIiyE04,2020-09-02T18:29:44Z,https://i.ytimg.com/vi/riFVTIiyE04/hqdefault.jpg,{'#BharatVsRheaPR'},395089,2886
230,4t3W6sXckvc,2021-03-09T16:33:44Z,https://i.ytimg.com/vi/4t3W6sXckvc/hqdefault.jpg,{'#BengalTerrorTapes'},21656,126
231,yjHDrqCn-H4,2020-12-18T17:34:23Z,https://i.ytimg.com/vi/yjHDrqCn-H4/hqdefault.jpg,{'#ModiAssuresFarmers'},62476,375
232,e3rwtmhD3-0,2020-08-24T18:57:48Z,https://i.ytimg.com/vi/e3rwtmhD3-0/hqdefault.jpg,{'#SushantTruthNow'},681307,2484
233,A1cMwu05LC4,2020-11-05T16:54:09Z,https://i.ytimg.com/vi/A1cMwu05LC4/hqdefault.jpg,{'#IndiaWithArnab'},68791,456
234,BiWhf86pZEk,2021-06-24T16:47:06Z,https://i.ytimg.com/vi/BiWhf86pZEk/hqdefault.jpg,{'#KashmirPolicyWins'},3662,16
235,zkYF-t--oO8,2020-09-13T06:51:09Z,https://i.ytimg.com/vi/zkYF-t--oO8/hqdefault.jpg,"{'#ExposeFakeMe', '#ExposeFakeMedia'}",142390,797
236,5lVLZqRu-qY,2020-08-27T17:42:46Z,https://i.ytimg.com/vi/5lVLZqRu-qY/hqdefault.jpg,{'#ArrestRheaChakraborty'},162367,599
237,c7BXSpX1bSk,2020-07-14T16:35:50Z,https://i.ytimg.com/vi/c7BXSpX1bSk/hqdefault.jpg,{'#VadrasSackPilot'},20031,68
238,mptDnFKBv-A,2020-08-26T18:28:31Z,https://i.ytimg.com/vi/mptDnFKBv-A/hqdefault.jpg,{'#FirstConfessionOut'},1050668,4852
239,V3tH-3BUR9w,2019-08-15T03:48:53Z,https://i.ytimg.com/vi/V3tH-3BUR9w/hqdefault.jpg,{'#NegativityGang'},250399,757
240,LZqA8mpCMTw,2019-09-04T06:58:41Z,https://i.ytimg.com/vi/LZqA8mpCMTw/hqdefault.jpg,{'#DhamkiGangArrested'},73336,501
241,BDQfxzuEBm0,2020-05-05T17:24:17Z,https://i.ytimg.com/vi/BDQfxzuEBm0/hqdefault.jpg,"{'#LiquorHurtsCovidFi', '#LiquorHurtsCovidFight'}",3729,16
242,Y6BhEjj7h7o,2022-03-03T18:28:19Z,https://i.ytimg.com/vi/Y6BhEjj7h7o/hqdefault.jpg,{'#ArmyVsPeople'},48268,366
243,EclUBUgjmBE,2019-02-13T03:17:51Z,https://i.ytimg.com/vi/EclUBUgjmBE/hqdefault.jpg,{'#RepublicBharatVSAMU'},126282,1588
244,RwXtpJK3vJA,2021-12-24T18:04:07Z,https://i.ytimg.com/vi/RwXtpJK3vJA/hqdefault.jpg,"{'#OwaisiThreatensCops', '#OwaoisiThreatensCops'}",53566,323
245,l5aAULlIuUE,2020-04-13T17:04:20Z,https://i.ytimg.com/vi/l5aAULlIuUE/hqdefault.jpg,{'#LockdownNoCompromise'},2599,11
246,DVRR363HVNg,2020-10-29T18:10:08Z,https://i.ytimg.com/vi/DVRR363HVNg/hqdefault.jpg,{'#PakPulwamaAdmission'},153605,671
247,w2vqPrzbEUQ,2020-01-24T19:32:23Z,https://i.ytimg.com/vi/w2vqPrzbEUQ/hqdefault.jpg,{'#SorosLies'},58166,557
248,OdW-k8oG4GQ,2021-03-15T17:34:12Z,https://i.ytimg.com/vi/OdW-k8oG4GQ/hqdefault.jpg,{'#BengalCoalScam'},6607,20
249,Lpg2Hiw-31o,2019-08-09T05:58:43Z,https://i.ytimg.com/vi/Lpg2Hiw-31o/hqdefault.jpg,{'#ModiKashmirSpeech'},46305,276
250,RwXtpJK3vJA,2021-12-24T18:04:07Z,https://i.ytimg.com/vi/RwXtpJK3vJA/hqdefault.jpg,"{'#OwaisiThreatensCops', '#OwaoisiThreatensCops'}",53566,323
251,bRsXH9r8ZKc,2021-11-17T18:18:30Z,https://i.ytimg.com/vi/bRsXH9r8ZKc/hqdefault.jpg,{'#AbuselsNotComedy'},148614,1408
252,w2vqPrzbEUQ,2020-01-24T19:32:23Z,https://i.ytimg.com/vi/w2vqPrzbEUQ/hqdefault.jpg,{'#SorosLies'},58166,557
253,OdW-k8oG4GQ,2021-03-15T17:34:12Z,https://i.ytimg.com/vi/OdW-k8oG4GQ/hqdefault.jpg,{'#BengalCoalScam'},6607,20
254,Lpg2Hiw-31o,2019-08-09T05:58:43Z,https://i.ytimg.com/vi/Lpg2Hiw-31o/hqdefault.jpg,{'#ModiKashmirSpeech'},46305,276
255,iui9Fla1r5A,2021-09-23T18:37:02Z,https://i.ytimg.com/vi/iui9Fla1r5A/hqdefault.jpg,{'#AgniSuperpower'},63796,300
256,o4H3jjWtQp4,2020-04-28T16:38:10Z,https://i.ytimg.com/vi/o4H3jjWtQp4/hqdefault.jpg,{'#ExtendLockdown'},7494,24
257,Anvo2-Cq48w,2021-06-28T17:47:41Z,https://i.ytimg.com/vi/Anvo2-Cq48w/hqdefault.jpg,{'#HateSpreadersRun'},1833,12
258,rCMMU_u5OMo,2022-04-29T17:32:00Z,https://i.ytimg.com/vi/rCMMU_u5OMo/hqdefault.jpg,{'#PatialaProvocation'},56266,69
259,f7Pq4Mbj1XA,2020-06-18T18:38:13Z,https://i.ytimg.com/vi/f7Pq4Mbj1XA/hqdefault.jpg,{'#RahulTargetsArmy'},71840,538
260,2776D9GJX6o,2022-08-18T18:21:33Z,https://i.ytimg.com/vi/2776D9GJX6o/hqdefault.jpg,{'#DoloGate'},18766,73
261,v64sgrsxPYE,2019-02-27T03:58:19Z,https://i.ytimg.com/vi/v64sgrsxPYE/hqdefault.jpg,{'#IndiaStrikesBack'},99983,539
262,E3b2Ed3D1-E,2020-03-24T16:32:12Z,https://i.ytimg.com/vi/E3b2Ed3D1-E/hqdefault.jpg,"{'#21DayLockdown', '#21'}",17550,29
263,dpp-1ANzwjA,2020-04-25T19:04:23Z,https://i.ytimg.com/vi/dpp-1ANzwjA/hqdefault.jpg,{'#MamataSaysNo'},126476,596
264,ZdpARLmRZKk,2020-09-09T16:11:58Z,https://i.ytimg.com/vi/ZdpARLmRZKk/hqdefault.jpg,{'#BharatWithKangana'},226736,1205
265,D7PuKFUu6xs,2022-03-03T18:01:13Z,https://i.ytimg.com/vi/D7PuKFUu6xs/hqdefault.jpg,{'#NewWorldOrder'},345759,642
266,lhxG0THZrAg,2021-06-21T17:46:18Z,https://i.ytimg.com/vi/lhxG0THZrAg/hqdefault.jpg,{'#ArnablsBack'},81886,584
267,tZGfiT6lXqY,2022-04-18T18:29:25Z,https://i.ytimg.com/vi/tZGfiT6lXqY/hqdefault.jpg,{'#LoudspeakersOrNot'},28003,139
268,eLDEc4S0cYo,2022-10-10T18:06:47Z,https://i.ytimg.com/vi/eLDEc4S0cYo/hqdefault.jpg,{'#MominpurViolence'},3009,16
269,tvP789CbzOU,2020-04-06T19:15:40Z,https://i.ytimg.com/vi/tvP789CbzOU/hqdefault.jpg,"{'#TablighisinHiding', '#TablighisInHiding'}",148566,1076
270,8cSWzpKx62M,2022-05-09T18:27:58Z,https://i.ytimg.com/vi/8cSWzpKx62M/hqdefault.jpg,{'#ShaheenBaghBulldozer'},77219,101
271,Kl7n3X1Sdjg,2020-09-10T17:02:01Z,https://i.ytimg.com/vi/Kl7n3X1Sdjg/hqdefault.jpg,{'#FreeAnujNow'},219228,1325
272,uVs81p3ZgaE,2020-09-09T19:36:56Z,https://i.ytimg.com/vi/uVs81p3ZgaE/hqdefault.jpg,{'#FreeRepublicReporter'},198077,1566
273,WkXpkBoRYTU,2022-05-31T18:35:17Z,https://i.ytimg.com/vi/WkXpkBoRYTU/hqdefault.jpg,{'#ProtectKashmiriHindus'},15390,99
274,BP1u6yJlHvk,2022-09-30T18:03:50Z,https://i.ytimg.com/vi/BP1u6yJlHvk/hqdefault.jpg,{'#tindiaVsPFI'},6134,11
275,EkH0iRpLhmM,2021-12-13T18:14:27Z,https://i.ytimg.com/vi/EkH0iRpLhmM/hqdefault.jpg,{'#KashiGloryRestored'},38047,257
276,nS8UZ-A0CI4,2020-07-23T17:21:10Z,https://i.ytimg.com/vi/nS8UZ-A0CI4/hqdefault.jpg,{'#NoMoreMandirPolitics'},5769,14
277,5Oh5cI3YwZw,2020-03-02T19:15:44Z,https://i.ytimg.com/vi/5Oh5cI3YwZw/hqdefault.jpg,{'#PMTweet'},42402,423
278,kmPRWlS0u9w,2018-08-20T06:34:33Z,https://i.ytimg.com/vi/kmPRWlS0u9w/hqdefault.jpg,{'#TheHistoryDebate'},45508,505
279,5Xr0umEr_kA,2021-06-23T18:36:01Z,https://i.ytimg.com/vi/5Xr0umEr_kA/hqdefault.jpg,"{'#PaktTerr', '#PakTerrorBitesBack'}",29390,135
280,K-Y73b9oGHU,2022-05-02T18:14:06Z,https://i.ytimg.com/vi/K-Y73b9oGHU/hqdefault.jpg,"{'#UCCForGenderJu', '#UCCForGender', '#UCCForGenderJustice'}",5531,27
281,KucjGFjzOHk,2021-02-01T17:48:50Z,https://i.ytimg.com/vi/KucjGFjzOHk/hqdefault.jpg,{'#BudgetDayWithArnab'},21363,125
282,61YSsjLEImI,2022-02-15T17:30:30Z,https://i.ytimg.com/vi/61YSsjLEImI/hqdefault.jpg,{'#EnoughHijabPolitics'},118883,283
283,wP5Ck8lyFxU,2022-04-19T17:33:02Z,https://i.ytimg.com/vi/wP5Ck8lyFxU/hqdefault.jpg,{'#RiotTapes'},72220,98
284,KucjGFjzOHk,2021-02-01T17:48:50Z,https://i.ytimg.com/vi/KucjGFjzOHk/hqdefault.jpg,{'#BudgetDayWithArnab'},21363,125
285,bUfRGpBs0Jc,2022-10-19T18:38:35Z,https://i.ytimg.com/vi/bUfRGpBs0Jc/hqdefault.jpg,{'#NetasCelebrateRapist'},4383,41
286,EEWkqUx8uxs,2020-10-25T08:29:36Z,https://i.ytimg.com/vi/EEWkqUx8uxs/hqdefault.jpg,{'#ParamBirVsDemocracy'},57144,312
287,n3Eeef5hYzk,2021-07-02T19:04:13Z,https://i.ytimg.com/vi/n3Eeef5hYzk/hqdefault.jpg,{'#NYTimesExposed'},13635,51
288,c2V0qCx_r_0,2020-02-21T18:16:07Z,https://i.ytimg.com/vi/c2V0qCx_r_0/hqdefault.jpg,"{'#GumnamiBaba', '#GumnamiBab'}",44493,317
289,1PIk1fvR4xU,2020-05-13T19:37:35Z,https://i.ytimg.com/vi/1PIk1fvR4xU/hqdefault.jpg,{'#MajorSpooksPak'},725182,3593
290,nS8UZ-A0CI4,2020-07-23T17:21:10Z,https://i.ytimg.com/vi/nS8UZ-A0CI4/hqdefault.jpg,{'#NoMoreMandirPolitics'},5769,14
291,5Xr0umEr_kA,2021-06-23T18:36:01Z,https://i.ytimg.com/vi/5Xr0umEr_kA/hqdefault.jpg,"{'#PaktTerr', '#PakTerrorBitesBack'}",29390,135
292,mVpJXZkxk8k,2020-03-31T16:34:06Z,https://i.ytimg.com/vi/mVpJXZkxk8k/hqdefault.jpg,{'#MarkazCOVIDSpread'},254628,715
293,tt12Sx-IVsw,2020-07-02T19:33:55Z,https://i.ytimg.com/vi/tt12Sx-IVsw/hqdefault.jpg,{'#ChinaVsWorld'},227421,568
294,FIXI4MkQMs4,2022-03-03T05:30:34Z,https://i.ytimg.com/vi/FIXI4MkQMs4/hqdefault.jpg,{'#EndTheWar'},199194,961
295,lOdzpsZKjDE,2021-07-01T17:43:43Z,https://i.ytimg.com/vi/lOdzpsZKjDE/hqdefault.jpg,"{'#Yogivsan_', '#YogiVSsAIll'}",36988,125
296,K-Y73b9oGHU,2022-05-02T18:14:06Z,https://i.ytimg.com/vi/K-Y73b9oGHU/hqdefault.jpg,"{'#UCCForGenderJu', '#UCCForGender', '#UCCForGenderJustice'}",5531,27
297,sSJqySNmtKA,2022-02-11T17:35:30Z,https://i.ytimg.com/vi/sSJqySNmtKA/hqdefault.jpg,{'#HijabOrUniform'},107091,332
298,9nTDyATB86c,2020-04-22T18:01:53Z,https://i.ytimg.com/vi/9nTDyATB86c/hqdefault.jpg,{'#IndiaWantsPalgharTruth'},219690,1379
299,YwlYXD8cytk,2020-05-18T16:41:36Z,https://i.ytimg.com/vi/YwlYXD8cytk/hqdefault.jpg,{'#PinDownChina'},4826,8
300,6Vk9lAm_5S0,2020-05-18T18:04:17Z,https://i.ytimg.com/vi/6Vk9lAm_5S0/hqdefault.jpg,{'#PinDownChina'},259221,956
301,MVLboQRsvAs,2020-07-05T11:56:51Z,https://i.ytimg.com/vi/MVLboQRsvAs/hqdefault.jpg,{'#IndiaVsChinaGang'},249020,536
302,VxBIN6moOiY,2020-10-24T18:30:35Z,https://i.ytimg.com/vi/VxBIN6moOiY/hqdefault.jpg,{'#ParamBirScam'},55326,727
303,wP5Ck8lyFxU,2022-04-19T17:33:02Z,https://i.ytimg.com/vi/wP5Ck8lyFxU/hqdefault.jpg,{'#RiotTapes'},72220,98
304,ILGrSmDmzO4,2020-03-10T19:00:00Z,https://i.ytimg.com/vi/ILGrSmDmzO4/hqdefault.jpg,{'#TimeToSackVadras'},123404,154
305,wWkLuRaxnLw,2019-11-08T06:21:43Z,https://i.ytimg.com/vi/wWkLuRaxnLw/hqdefault.jpg,{'#PakDontYouDare'},45141,529
306,2vaeafRZNAQ,2022-04-27T18:55:45Z,https://i.ytimg.com/vi/2vaeafRZNAQ/hqdefault.jpg,{'#LoudspeakerSolution'},15293,54
307,WZw9mKWIKmo,2021-01-06T17:18:08Z,https://i.ytimg.com/vi/WZw9mKWIKmo/hqdefault.jpg,{'#CanadaStayOut'},25774,125
308,5Oh5cI3YwZw,2020-03-02T19:15:44Z,https://i.ytimg.com/vi/5Oh5cI3YwZw/hqdefault.jpg,{'#PMTweet'},42402,423
309,3O5F1-AZUsY,2020-01-06T18:54:07Z,https://i.ytimg.com/vi/3O5F1-AZUsY/hqdefault.jpg,{'#WhoStartedJNUWar'},49095,384
310,F8YF_zJ_uFM,2021-03-23T18:44:58Z,https://i.ytimg.com/vi/F8YF_zJ_uFM/hqdefault.jpg,"{'#2', '#ProbeVsProbe'}",105364,304
311,IfQpzQmt8CY,2021-07-01T18:15:34Z,https://i.ytimg.com/vi/IfQpzQmt8CY/hqdefault.jpg,{'#LashkarSleeperCells'},1564,3
312,bSt6iYwFAnA,2019-08-14T05:53:23Z,https://i.ytimg.com/vi/bSt6iYwFAnA/hqdefault.jpg,{'#IndiaVsFakeNews'},73920,716
313,-VeB_PVXWoE,2022-04-21T17:42:25Z,https://i.ytimg.com/vi/-VeB_PVXWoE/hqdefault.jpg,{'#BulldozeThePolitics'},78573,95
314,YJfoZv3nGUc,2020-09-21T16:17:56Z,https://i.ytimg.com/vi/YJfoZv3nGUc/hqdefault.jpg,{'#BoycottBollywoodDruggies'},405547,1648
315,oQznf36gusg,2020-12-07T18:29:12Z,https://i.ytimg.com/vi/oQznf36gusg/hqdefault.jpg,{'#BengalShowdown'},24021,130
316,Jsmi0Zd9riI,2019-08-08T05:41:32Z,https://i.ytimg.com/vi/Jsmi0Zd9riI/hqdefault.jpg,{'#TwitterMustClarify'},48486,279
317,p0p2ZkXgvAw,2020-07-22T16:59:15Z,https://i.ytimg.com/vi/p0p2ZkXgvAw/hqdefault.jpg,{'#BollywoodPakLink'},30913,224
318,UjBWx2rSGGQ,2021-08-26T18:51:21Z,https://i.ytimg.com/vi/UjBWx2rSGGQ/hqdefault.jpg,"{'#Ka', '#KabulAttacks'}",108965,752
319,1md0vhium6w,2020-02-27T17:20:17Z,https://i.ytimg.com/vi/1md0vhium6w/hqdefault.jpg,{'#ExposeWesternMedia'},9895,62
320,Y42kJWS4VOE,2020-03-18T18:34:14Z,https://i.ytimg.com/vi/Y42kJWS4VOE/hqdefault.jpg,{'#NoMoreLoot'},50725,190
321,vPe4iMdJDB8,2019-05-17T05:18:23Z,https://i.ytimg.com/vi/vPe4iMdJDB8/hqdefault.jpg,{'#SadhviBacksGodse'},32712,505
322,Dt-jFtI9BoI,2021-08-02T18:43:22Z,https://i.ytimg.com/vi/Dt-jFtI9BoI/hqdefault.jpg,"{'#RepublicCelebratesAugust5', '#Repul'}",23388,143
323,E0AulKwQAC0,2019-12-25T05:44:31Z,https://i.ytimg.com/vi/E0AulKwQAC0/hqdefault.jpg,{'#PicturesDontLie'},41578,369
324,YxrNWH_RfWg,2021-10-11T19:00:21Z,https://i.ytimg.com/vi/YxrNWH_RfWg/hqdefault.jpg,{'#NoReligionCard'},125643,612
325,WEfJg6aaSN8,2020-08-04T17:44:26Z,https://i.ytimg.com/vi/WEfJg6aaSN8/hqdefault.jpg,{'#WhoKilledSushant'},108332,410
326,yNeyd3gqZ3Y,2020-08-10T19:17:28Z,https://i.ytimg.com/vi/yNeyd3gqZ3Y/hqdefault.jpg,{'#ArrestRheaNow'},920513,3037
327,ODhGgSqBXyo,2020-08-12T16:42:29Z,https://i.ytimg.com/vi/ODhGgSqBXyo/hqdefault.jpg,{'#CBIForSSR'},218261,1186
328,UirrsA0J6Wo,2021-09-10T18:46:12Z,https://i.ytimg.com/vi/UirrsA0J6Wo/hqdefault.jpg,{'#FightForAfghanRights'},55039,418
329,WEfJg6aaSN8,2020-08-04T17:44:26Z,https://i.ytimg.com/vi/WEfJg6aaSN8/hqdefault.jpg,{'#WhoKilledSushant'},108332,410
330,1md0vhium6w,2020-02-27T17:20:17Z,https://i.ytimg.com/vi/1md0vhium6w/hqdefault.jpg,{'#ExposeWesternMedia'},9895,62
331,ODhGgSqBXyo,2020-08-12T16:42:29Z,https://i.ytimg.com/vi/ODhGgSqBXyo/hqdefault.jpg,{'#CBIForSSR'},218261,1186
332,NY4Gjv4VKZQ,2020-09-22T17:47:07Z,https://i.ytimg.com/vi/NY4Gjv4VKZQ/hqdefault.jpg,{'#IndiaVsUmarLobby'},10003,35
333,a-qy8eIZPW8,2021-06-28T17:53:20Z,https://i.ytimg.com/vi/a-qy8eIZPW8/hqdefault.jpg,{'#BanForcedConversion'},46419,419
334,4jkbQcy-Ud0,2021-10-18T23:15:01Z,https://i.ytimg.com/vi/4jkbQcy-Ud0/hqdefault.jpg,{'#SaveBangladeshHindus'},37410,410
335,DAxGSBakPj0,2020-04-23T16:24:32Z,https://i.ytimg.com/vi/DAxGSBakPj0/hqdefault.jpg,{'#SoniaGoonsAttackArnab'},106492,307
336,6tv7-P5AxJQ,2021-03-19T16:17:48Z,https://i.ytimg.com/vi/6tv7-P5AxJQ/hqdefault.jpg,"{'#VazegateExplodes', '#vazegate', '#Vazegate'}",9554,26
337,SPirk5-9lmY,2020-02-27T19:28:27Z,https://i.ytimg.com/vi/SPirk5-9lmY/hqdefault.jpg,{'#ExposeWesternMedia'},202691,907
338,sKE90zXi0Zs,2021-02-18T18:48:05Z,https://i.ytimg.com/vi/sKE90zXi0Zs/hqdefault.jpg,{'#ToolkitNarrative'},44218,493
339,FBlyXScHmUM,2021-08-20T18:35:45Z,https://i.ytimg.com/vi/FBlyXScHmUM/hqdefault.jpg,{'#StopTalibanPolitics'},78864,387
340,y2zssWCBwsI,2021-11-10T18:52:36Z,https://i.ytimg.com/vi/y2zssWCBwsI/hqdefault.jpg,{'#EndJinnahPolitics'},11310,55
341,Ucb64mo2PI0,2021-04-09T16:10:17Z,https://i.ytimg.com/vi/Ucb64mo2PI0/hqdefault.jpg,{'#VazelnTaloja'},23174,270
342,thV-v-d2NLA,2020-12-14T16:35:33Z,https://i.ytimg.com/vi/thV-v-d2NLA/hqdefault.jpg,{'#CopsFaceProbe'},39057,149
343,OPVKE81TfEQ,2020-10-09T16:15:58Z,https://i.ytimg.com/vi/OPVKE81TfEQ/hqdefault.jpg,{'#RepublicFightsBack'},133063,769
344,yYBxhYQp8Ek,2020-09-11T18:29:16Z,https://i.ytimg.com/vi/yYBxhYQp8Ek/hqdefault.jpg,{'#UddhavResignNow'},473490,4995
345,t27CnGOxq20,2021-04-16T17:16:53Z,https://i.ytimg.com/vi/t27CnGOxq20/hqdefault.jpg,"{'#COVI', '#CoVviDReality'}",5658,19
346,r5didb2NMV4,2021-04-16T18:55:52Z,https://i.ytimg.com/vi/r5didb2NMV4/hqdefault.jpg,"{'#COVIDReality', '#coviDReality'}",22710,124
347,lZ-8rZ-A6rs,2020-07-03T16:56:35Z,https://i.ytimg.com/vi/lZ-8rZ-A6rs/hqdefault.jpg,{'#ModilnLadakh'},11829,39
348,STA6cGCFfvo,2020-11-18T16:31:45Z,https://i.ytimg.com/vi/STA6cGCFfvo/hqdefault.jpg,{'#TwitterOnTheMat'},7907,38
349,JjvAYi9gHg4,2021-12-20T18:19:04Z,https://i.ytimg.com/vi/JjvAYi9gHg4/hqdefault.jpg,{'#PunjabSacrilegeRow'},8115,32
350,zoQHwRxcbHU,2021-06-25T19:06:10Z,https://i.ytimg.com/vi/zoQHwRxcbHU/hqdefault.jpg,{'#IndiaNeedsUAPA'},13057,76
351,crEyVCe0QWY,2020-10-06T18:20:54Z,https://i.ytimg.com/vi/crEyVCe0QWY/hqdefault.jpg,{'#OperationHathras'},31912,203
352,WOgrdYZBnLM,2020-11-25T17:18:48Z,https://i.ytimg.com/vi/WOgrdYZBnLM/hqdefault.jpg,{'#LovelihadDebate'},13265,118
353,3lLJlpCD7To,2021-09-10T18:36:04Z,https://i.ytimg.com/vi/3lLJlpCD7To/hqdefault.jpg,{'#MamataVsPriyanka'},21507,129
354,rY95sVMnGBc,2020-07-08T16:48:51Z,https://i.ytimg.com/vi/rY95sVMnGBc/hqdefault.jpg,{'#SoniaTrustScam'},9484,27
355,qZ-eK6rUNOQ,2020-03-02T17:48:42Z,https://i.ytimg.com/vi/qZ-eK6rUNOQ/hqdefault.jpg,{'#WesternMediaExposed'},4606,19
356,3Pj9baF2DvQ,2020-06-26T16:41:14Z,https://i.ytimg.com/vi/3Pj9baF2DvQ/hqdefault.jpg,{'#SoniaTrustScam'},7868,45
357,XG4ejvfpNZ4,2020-08-11T16:22:36Z,https://i.ytimg.com/vi/XG4ejvfpNZ4/hqdefault.jpg,{'#SushantWasMurdered'},294842,926
358,PAxrYA19PBY,2020-04-17T18:04:37Z,https://i.ytimg.com/vi/PAxrYA19PBY/hqdefault.jpg,"{'#LockdownVVI', '#LockdownVVIPs'}",130149,683
359,RpQJ6uLvXUc,2020-08-24T16:22:19Z,https://i.ytimg.com/vi/RpQJ6uLvXUc/hqdefault.jpg,{'#SushantTruthNow'},187656,456
360,9uLKdcSg1Ho,2021-06-30T18:57:20Z,https://i.ytimg.com/vi/9uLKdcSg1Ho/hqdefault.jpg,{'#TwitterFollowRules'},10618,61
361,JpKH9DEMvdE,2020-05-06T18:40:24Z,https://i.ytimg.com/vi/JpKH9DEMvdE/hqdefault.jpg,{'#PakBeWarned'},133932,835
362,9UcskLMekzk,2020-09-14T18:32:45Z,https://i.ytimg.com/vi/9UcskLMekzk/hqdefault.jpg,{'#DishaTruthNow'},639384,2222
363,borrkgpuPvs,2021-09-06T17:11:19Z,https://i.ytimg.com/vi/borrkgpuPvs/hqdefault.jpg,{'#WesternMediaExposed'},8679,92
364,5bKi7OIxQTg,2020-07-23T18:29:54Z,https://i.ytimg.com/vi/5bKi7OIxQTg/hqdefault.jpg,{'#NoMoreMandirPolitics'},71747,520
365,Uv_h4BP3t5g,2020-11-02T17:31:17Z,https://i.ytimg.com/vi/Uv_h4BP3t5g/hqdefault.jpg,{'#IndiaForFreeSpeech'},79586,325
366,Zo26CmIaqBc,2022-10-28T19:00:31Z,https://i.ytimg.com/vi/Zo26CmIaqBc/hqdefault.jpg,{'#HinduHolocaust'},1591,6
367,1Lh2m3hVF_M,2021-10-15T18:01:57Z,https://i.ytimg.com/vi/1Lh2m3hVF_M/hqdefault.jpg,{'#WokeHinduphobia'},67319,611
368,F1p-nkQdenc,2021-04-02T19:06:58Z,https://i.ytimg.com/vi/F1p-nkQdenc/hqdefault.jpg,{'#YogiVsMafia'},111830,384
369,iJsyXuviMqs,2021-07-20T18:23:32Z,https://i.ytimg.com/vi/iJsyXuviMqs/hqdefault.jpg,{'#DontBlockParliament'},12235,76
370,QwB1zRAcm64,2021-06-28T18:02:29Z,https://i.ytimg.com/vi/QwB1zRAcm64/hqdefault.jpg,{'#HateSpreadersRun'},44178,173
371,W8Q1X4cKRno,2020-03-27T16:42:50Z,https://i.ytimg.com/vi/W8Q1X4cKRno/hqdefault.jpg,{'#ExposeLockdownCritics'},8100,33
372,Y3mv-TKt-lM,2020-04-15T16:15:37Z,https://i.ytimg.com/vi/Y3mv-TKt-lM/hqdefault.jpg,"{'#saiMauianaSaad', '#JailMaulanaSaad'}",26166,78
373,pE8QQAKXm70,2020-07-28T18:38:19Z,https://i.ytimg.com/vi/pE8QQAKXm70/hqdefault.jpg,"{'#NationWantsSushantTruth', '#NationWantsSushanttruth'}",534687,4584
374,ehOIlD1V_HA,2021-06-22T18:27:01Z,https://i.ytimg.com/vi/ehOIlD1V_HA/hqdefault.jpg,{'#AntiModiGroup'},48532,225
375,OKCdqvd5rbA,2020-10-12T16:36:31Z,https://i.ytimg.com/vi/OKCdqvd5rbA/hqdefault.jpg,{'#FarooqQuitindia'},59207,213
376,g9IL8lRkLe8,2021-11-30T17:49:47Z,https://i.ytimg.com/vi/g9IL8lRkLe8/hqdefault.jpg,{'#VazeParamMeet'},27771,166
377,pkaMOIEiFtc,2020-03-12T18:44:49Z,https://i.ytimg.com/vi/pkaMOIEiFtc/hqdefault.jpg,{'#CongAdmitsCAALie'},104273,394
378,zZgB71lmiok,2019-12-04T07:02:56Z,https://i.ytimg.com/vi/zZgB71lmiok/hqdefault.jpg,{'#JusticeForDisha'},69695,305
379,PQCzxkOBv7Y,2020-04-06T16:48:24Z,https://i.ytimg.com/vi/PQCzxkOBv7Y/hqdefault.jpg,"{'#TablighisinHiding', '#Tablighisinfiding'}",31793,164
380,IXhbP-EuoWI,2020-09-06T08:55:37Z,https://i.ytimg.com/vi/IXhbP-EuoWI/hqdefault.jpg,{'#PlatformsCantBlock'},72426,133
381,m-esxTGYZK0,2021-11-02T18:07:23Z,https://i.ytimg.com/vi/m-esxTGYZK0/hqdefault.jpg,{'#WhatsGoingOn'},90670,344
382,BFsqp-tifGM,2021-09-03T18:43:29Z,https://i.ytimg.com/vi/BFsqp-tifGM/hqdefault.jpg,"{'#l', '#UniteAgainstTaliban'}",36177,231
383,3M9ArNJBJgU,2022-02-03T19:00:19Z,https://i.ytimg.com/vi/3M9ArNJBJgU/hqdefault.jpg,{'#TRPHoaxExposed'},26188,155
384,el5zezn3tM8,2020-03-18T18:34:21Z,https://i.ytimg.com/vi/el5zezn3tM8/hqdefault.jpg,{'#OurHealthVsShaheenBagh'},22148,306
385,NUjDbQwZNLk,2020-03-24T18:58:26Z,https://i.ytimg.com/vi/NUjDbQwZNLk/hqdefault.jpg,{'#FlattenTheCurve'},43353,109
386,t5bSGHuM73I,2020-11-01T13:53:10Z,https://i.ytimg.com/vi/t5bSGHuM73I/hqdefault.jpg,"{'#Repul', '#RepublicVsLobbies'}",336634,1055
387,MceXEe6b8os,2020-10-08T18:47:37Z,https://i.ytimg.com/vi/MceXEe6b8os/hqdefault.jpg,{'#HathrasManipulation'},82351,705
388,pyWD-5aDylk,2020-05-05T17:51:26Z,https://i.ytimg.com/vi/pyWD-5aDylk/hqdefault.jpg,{'#RahulBacksPakLie'},155689,1008
389,xx8rpvQnIpw,2021-07-02T19:36:55Z,https://i.ytimg.com/vi/xx8rpvQnIpw/hqdefault.jpg,{'#NYTimesExposed'},33204,281
390,aby7ry-1e2w,2020-11-26T17:46:52Z,https://i.ytimg.com/vi/aby7ry-1e2w/hqdefault.jpg,{'#NoCompromiseOntferror'},27736,151
391,XSUE0q-hdbM,2020-02-27T16:35:30Z,https://i.ytimg.com/vi/XSUE0q-hdbM/hqdefault.jpg,{'#ArrestTahirHussain'},34329,54
392,ybx9lR_aPPk,2021-09-15T18:11:49Z,https://i.ytimg.com/vi/ybx9lR_aPPk/hqdefault.jpg,{'#TalibanSplit'},79244,419
393,WCEljlVREvs,2020-05-11T19:11:36Z,https://i.ytimg.com/vi/WCEljlVREvs/hqdefault.jpg,{'#IndiaAgainstLobby'},115245,581
394,i2_SPDQ68XI,2022-11-04T19:08:35Z,https://i.ytimg.com/vi/i2_SPDQ68XI/hqdefault.jpg,{'#WakeUpMann'},1743,10
